age,income,tenure_months,credit_score,contract_type,paperless_billing,churn
56,81832.3429551895,15.23476783966424,460,one-year,True,0
69,65486.97890826721,4.2308584752666105,388,month-to-month,True,0
46,27209.4505106898,10.027722368468426,458,month-to-month,True,1
32,42736.48890700623,7.756317440283141,788,month-to-month,True,1
60,69003.66723779934,13.07599107711214,623,one-year,True,0
25,39384.958015718286,33.14305977015563,680,month-to-month,True,1
38,56657.291422193426,15.826863255060514,401,month-to-month,False,0
56,61619.510801440054,2.903947358928568,793,one-year,False,0
36,36096.04292632875,0.38015614589109414,318,month-to-month,True,0
40,49107.119659072996,3.6500316240670547,753,one-year,True,1
28,1380.9898989639114,10.848727822477167,781,one-year,False,0
28,34634.185379985654,0.6335433371972962,696,two-year,False,0
41,46211.4777291026,8.230871472314266,578,month-to-month,False,1
53,31283.252270527257,10.901146079850722,664,one-year,False,0
57,74486.16955897454,4.881982535257205,630,month-to-month,True,0
41,28547.87933059051,17.683799509760817,643,month-to-month,True,1
20,43399.332699545244,1.352626977176136,754,month-to-month,True,0
39,51961.10865929137,0.9373260695069642,364,one-year,True,0
19,71619.09933599173,15.631768922596713,375,month-to-month,True,0
41,28462.06773230841,8.210042719956823,442,month-to-month,False,0
61,67447.45628232439,13.992511868797692,772,month-to-month,True,1
47,50153.4959152938,6.847487989546288,716,one-year,False,0
55,35277.37023428074,3.3947550451023796,604,one-year,True,0
19,56931.55211394906,20.51788438285435,796,one-year,True,0
38,52985.895433602054,19.27825876752228,590,month-to-month,True,0
50,40996.74684261808,14.237385836509457,401,month-to-month,True,0
29,51047.031274850284,3.811843379856385,566,one-year,True,0
39,44220.2960470736,10.70593055668157,302,month-to-month,False,0
61,51702.76017876872,5.373719706957864,384,month-to-month,False,0
42,59931.9601178157,1.1526088152798386,627,one-year,False,0
66,73790.25224218029,29.912398122451698,749,two-year,True,0
44,31432.767517597265,1.7655653858342404,753,one-year,True,0
59,81995.500619844,36.00588783747315,520,one-year,False,0
45,20718.68300716247,7.087212153490466,453,two-year,True,0
33,47723.22357446625,2.45676338296159,311,month-to-month,True,0
32,58824.75809726865,9.368038153820837,432,month-to-month,False,0
64,54214.87801602549,24.757701531384704,603,two-year,True,1
68,40659.50720269109,15.811293349565684,592,month-to-month,False,0
61,46878.16624464087,19.71352591288509,599,one-year,True,0
69,42604.985980117504,12.902852582044833,342,month-to-month,False,1
20,41159.52864583683,14.142646033698387,642,month-to-month,True,0
54,62744.03145531537,22.701263856603354,625,one-year,True,0
68,55355.23228947571,3.446874186481441,797,two-year,False,0
24,39606.35607109019,8.066611994054895,663,one-year,True,0
38,63493.99813149876,3.0001575492734682,726,month-to-month,True,1
26,54609.49281314914,52.74670100886395,320,two-year,False,0
56,62192.931782584405,34.601565447844976,706,month-to-month,True,1
35,59444.432628854185,0.48270121446454906,635,month-to-month,False,0
21,37565.07483616892,14.672778758348748,416,month-to-month,True,0
42,41597.284397045456,31.123002689703064,423,month-to-month,True,0
31,61209.40407684893,2.3898339046542,698,month-to-month,True,0
67,59155.55398150197,10.070435011750828,350,two-year,True,0
26,49686.47609053778,29.650383169506362,623,one-year,False,1
43,51759.91074963173,0.41442628253054176,440,one-year,True,0
19,69164.97343682637,14.344925482714626,769,month-to-month,False,0
37,41126.42916746255,4.2347395769425535,633,two-year,True,0
45,58206.460717550566,30.98698405626811,672,two-year,True,0
64,46967.110213491585,42.50963907146704,793,one-year,True,0
24,46734.78195159169,34.6460841748917,838,month-to-month,True,1
61,66481.65277980786,7.714336862381499,455,month-to-month,False,0
25,62381.245234820446,23.7697284808243,590,month-to-month,False,0
64,62202.644540009576,22.337127279588948,443,month-to-month,False,0
52,69582.18210731493,4.612086258234412,405,month-to-month,False,1
31,50315.05762449138,21.18717049673584,719,two-year,True,1
34,60229.294569424455,0.45251754322691673,301,month-to-month,False,0
53,45345.99865109816,10.884103683453683,389,month-to-month,False,0
67,54862.49528732663,3.136514894367428,644,month-to-month,True,1
57,48047.85418448473,1.5417332096597285,649,month-to-month,True,0
21,51454.93947489077,0.9609041196525929,758,month-to-month,True,1
19,58927.3553815537,14.300135396258845,562,month-to-month,True,0
23,37726.689751497914,4.983912156822805,650,month-to-month,False,0
59,81385.8091352819,15.481637246644532,407,one-year,False,1
21,34909.73927750447,0.8110792258736919,338,two-year,True,1
46,31787.17080818402,4.545124577012139,458,month-to-month,True,0
35,67371.66310250101,9.305082172800594,611,month-to-month,True,0
43,61874.94040944404,18.76916800005585,540,one-year,False,0
61,59361.79725578232,4.605955284481907,744,month-to-month,False,0
51,59425.1826389642,11.798509036825951,597,month-to-month,True,0
27,49816.29840729628,26.05633990469124,335,two-year,True,0
53,36541.18442771253,11.481078108865034,383,month-to-month,False,1
31,51137.068372905895,3.182587715590194,751,one-year,True,0
48,39842.574327318325,0.2964409649298627,684,month-to-month,True,0
65,64626.796001266266,24.49178023649018,471,month-to-month,False,0
32,47794.13927746792,0.2579863699231358,675,month-to-month,True,0
25,37617.54204811233,24.924693199250044,661,one-year,False,0
31,45179.2123752051,9.033164645634653,440,month-to-month,True,1
40,56193.97181413436,33.57590211351196,417,month-to-month,True,0
57,41544.13170794038,19.240470276277502,576,one-year,False,1
38,37666.69406650353,74.18633293016791,519,month-to-month,False,1
33,53655.30817237868,5.182543402179404,325,month-to-month,True,0
62,53674.49856663084,17.490303109337493,820,two-year,False,1
35,42395.85236943305,6.16858803147529,309,month-to-month,True,1
64,42934.425415725156,7.844247651422295,677,one-year,True,0
41,53480.74906036454,11.850394891537384,451,one-year,False,0
43,28278.734877540137,24.82696876838868,348,one-year,True,0
42,28888.043384351673,49.684764442095705,453,month-to-month,True,0
62,39223.33668121346,17.5463653240707,592,two-year,False,1
58,46798.292724322295,6.490610323093701,349,month-to-month,False,0
46,54663.61348397007,6.56483490982829,830,one-year,True,1
32,72130.34325424329,16.05381331168399,359,month-to-month,False,0
62,62864.89434803029,3.273949440715132,466,month-to-month,False,0
18,47600.922050548594,1.4048000349679377,501,month-to-month,False,1
42,49714.75688145967,5.255031979129398,445,two-year,False,0
24,34962.05953043287,4.063309277013912,738,two-year,True,0
26,49722.30296011415,4.216976276787666,541,month-to-month,True,0
41,45670.120416197926,3.192733991513961,782,month-to-month,True,0
18,54840.778405071345,0.5160573712481679,407,one-year,False,0
61,37591.53584671515,0.2164272339833887,525,month-to-month,False,0
25,57790.197713617585,52.799735749347626,731,month-to-month,False,0
41,72991.08369503866,6.698636962705224,718,one-year,False,1
28,48368.597773147136,5.820464729463814,754,month-to-month,False,0
68,56025.67583148412,13.659991783517366,459,two-year,False,0
34,60352.159875666686,2.9547030712912,822,month-to-month,False,0
25,43981.692921712456,35.93947504487731,376,month-to-month,True,1
52,53361.38722715625,18.520713382507033,808,month-to-month,True,0
52,50188.88601172692,1.1239636636920833,740,one-year,False,0
50,51465.14147823248,6.486777288400678,553,month-to-month,False,0
22,38404.853242168,25.35531552169024,619,one-year,False,0
59,50367.652613884144,34.74673923744999,562,month-to-month,True,1
56,57469.974368681746,7.559849317216708,673,one-year,True,0
58,71767.15411692562,11.404730070917239,466,month-to-month,False,0
45,64389.0623912781,2.1931486710815826,758,month-to-month,False,0
24,82297.73686267334,56.75333623311376,579,one-year,True,0
26,38489.78655667926,3.1624579802121993,601,month-to-month,True,1
25,63084.80955081017,34.32011197792666,830,month-to-month,True,1
29,52750.130086075274,12.585756713622722,517,two-year,True,0
51,82847.04399826509,11.229866674466328,401,month-to-month,False,1
50,37875.525719672725,8.626221031109294,587,one-year,True,1
65,37404.17236728836,3.1468203366235517,466,month-to-month,True,0
40,41009.11031833967,2.3307092402804073,335,one-year,False,0
41,18141.564135352895,2.989018783446081,652,month-to-month,True,0
54,42113.674674788585,2.476001562654602,372,month-to-month,True,1
52,38613.01007669453,18.146889090873557,652,two-year,True,1
61,52255.906797143114,5.171707692876892,369,one-year,False,1
57,55126.339636657394,0.7149960999932218,724,month-to-month,True,1
39,78142.56258823829,41.72501059832129,816,month-to-month,False,0
44,64256.35757279075,25.827851640312005,727,two-year,False,1
52,41346.44516506395,31.53185464568105,838,month-to-month,True,1
18,36523.77992977463,63.360597228596475,459,one-year,True,0
52,57378.78757259758,2.292404358914224,448,one-year,True,0
54,30196.501894690366,6.054982258726569,529,month-to-month,True,1
64,77471.8814878153,17.03764170577525,366,month-to-month,False,0
31,67691.60181081931,14.289544829056048,680,one-year,True,1
20,42962.365218429426,2.0053546175220824,357,month-to-month,True,0
18,24302.98206363684,20.302956035835784,558,month-to-month,True,0
22,70308.0856124812,3.0500480068870353,641,two-year,False,1
43,48281.902321210735,3.0404130476357167,429,month-to-month,True,0
31,68567.24467960192,9.239675811490045,471,one-year,True,0
56,26083.585118084495,10.785534290243028,508,month-to-month,False,0
44,41009.374655693406,10.41247014635361,653,month-to-month,False,1
26,50078.65549577275,1.151350835652165,770,month-to-month,True,0
32,50704.70890647113,25.191897735497083,415,month-to-month,True,1
32,43249.01792781134,3.7044179720041868,563,month-to-month,True,0
43,59342.748985212485,1.6644559316328038,741,month-to-month,True,1
59,33985.69355926108,26.3514971817604,847,one-year,True,1
30,47864.3077246806,37.38811623303935,752,month-to-month,False,0
68,51804.434475678485,23.777121413699547,776,month-to-month,False,0
49,57716.582510881235,19.89824963680335,586,month-to-month,True,0
56,60674.223171333346,12.77895001438344,602,month-to-month,True,0
66,33130.36862243196,9.604977378838786,610,month-to-month,False,0
69,26988.287438965664,1.0920587610282098,507,month-to-month,True,0
49,69165.15232847763,6.300173998923178,745,month-to-month,True,0
21,54984.71017969387,5.595744943567394,354,month-to-month,True,0
47,38772.701951651696,3.6092690817154134,311,month-to-month,True,0
54,73267.27963283785,15.423066959964821,699,one-year,True,0
40,51735.11951439288,8.219189807011844,814,month-to-month,False,1
56,67689.45776095739,1.0142333668267025,841,month-to-month,True,0
62,51012.777221151635,2.9843551341649976,536,one-year,True,0
32,80911.21887322981,13.796041531166988,578,month-to-month,True,0
60,76330.11263664806,0.9502180823389478,647,two-year,False,1
46,46265.5377728139,22.862383476530457,403,month-to-month,False,1
53,64573.56426431533,8.20184453174494,816,month-to-month,False,1
30,59680.639243777216,7.860661649227092,547,month-to-month,False,1
49,70529.47336298523,10.769856919056899,663,month-to-month,True,0
24,35526.14809129843,20.89377495533372,620,one-year,False,1
68,60290.77189997659,5.129017607342583,585,month-to-month,True,1
39,65876.36730274382,13.599046775074212,448,two-year,True,0
45,23618.907703653287,10.009120092419682,383,month-to-month,False,1
19,32251.122310013372,3.7277777472128486,705,month-to-month,False,0
59,19411.51733359849,25.3069372252843,755,month-to-month,False,0
62,45958.89748333163,19.15980160503279,460,month-to-month,False,0
23,60763.133836939436,12.891198832618514,759,month-to-month,False,0
45,72535.35578144042,22.81206862249928,849,one-year,True,0
45,51111.42170629663,24.235447658646358,799,one-year,False,0
61,74429.23318356938,14.786943850911731,808,month-to-month,False,0
61,29298.47812677663,21.76904220745119,780,one-year,False,0
37,24449.26340967268,14.346955972463807,413,two-year,True,1
47,49166.78451655072,13.678491500746379,660,two-year,False,0
28,55760.98173408961,11.567237028266259,640,month-to-month,True,0
45,49509.578778588606,16.76664469951277,748,one-year,False,1
42,18988.36849940185,2.072330105535348,479,month-to-month,False,1
56,48663.19940730817,25.53055581662584,706,two-year,True,0
50,30432.957492427202,24.654039865715227,495,month-to-month,False,1
18,60045.08823245058,0.3562021385162642,765,month-to-month,True,1
44,55498.973691452724,20.971768515303765,610,one-year,True,1
69,35901.80320508967,1.6555668888450676,561,month-to-month,True,0
30,42291.9962399496,4.8977637901117035,718,two-year,False,0
58,34111.79717166573,16.3279056379289,705,two-year,False,0
20,49059.813540902425,2.1031012167547583,442,one-year,False,0
56,64327.134807518574,20.442809065902868,641,month-to-month,True,0
23,35214.10930496684,21.415083564146684,615,one-year,False,0
25,57560.697732767665,8.498343663715163,400,month-to-month,True,0
44,42046.13572441339,0.076876183408982,543,month-to-month,False,0
26,38106.907516064835,4.059928112542261,789,one-year,True,0
54,48394.544600681635,11.514353932364862,311,month-to-month,True,1
50,34471.365163709386,47.677961615692894,538,month-to-month,True,0
68,41695.26041979227,11.989988989068761,341,two-year,False,0
59,32031.831611167272,3.6100763641214044,728,month-to-month,True,1
61,79470.87699374584,12.061650335298605,457,month-to-month,True,0
41,50528.95327957593,9.317964081332056,515,two-year,True,0
32,39504.117380111216,18.161102761553586,761,month-to-month,True,1
49,53209.69866101333,1.3577642075499488,433,one-year,True,0
49,48315.07925463755,17.176901768837794,366,two-year,True,1
41,46685.45600700165,9.351432228838673,306,two-year,False,0
58,59212.50050065138,39.559455333211986,825,one-year,False,0
69,61362.61565070957,5.020273079869334,372,month-to-month,True,0
66,42042.48278584209,12.016364368140277,698,month-to-month,False,0
66,41362.7263903298,32.26393170682262,704,one-year,False,1
69,45874.22454272534,1.2978359719832953,429,two-year,True,0
29,15471.18252896623,33.21904712206522,765,month-to-month,True,0
56,27272.134067021718,13.972630602695627,505,month-to-month,True,0
19,70503.11401166787,0.8429718034932996,565,month-to-month,False,0
20,74674.51570251926,4.296628997138878,836,month-to-month,True,0
66,46264.45940665432,14.77909194145575,552,one-year,False,0
54,58648.35444583649,0.8367111287371358,588,month-to-month,True,0
66,54668.75231815304,10.472180749139564,463,two-year,False,0
34,96183.21212682856,5.093629578136334,394,one-year,True,0
66,66793.62367151865,11.639954285698018,409,month-to-month,True,0
19,48081.2361277885,0.5618548713354582,635,one-year,False,0
19,35666.89339099362,24.62535413852295,537,month-to-month,False,1
45,25903.30519613641,43.562332501732094,680,month-to-month,False,0
40,53051.954538008344,41.63802797390101,735,one-year,False,0
54,38654.73882073545,16.61883188353476,782,one-year,False,0
49,28666.19435603489,1.6723343860056692,324,one-year,False,0
50,40301.4067363621,17.03886877392432,416,month-to-month,True,0
18,33776.779945784074,0.29873066739013576,781,month-to-month,False,0
36,75307.12452608848,0.2684633728136864,691,one-year,True,1
19,63224.59635424176,4.6918292426067625,836,month-to-month,True,0
61,49880.41038025074,8.04825209906016,378,month-to-month,False,1
43,72199.16208335038,17.65738707100628,472,month-to-month,True,1
49,51160.524614714275,13.797428722689826,311,one-year,False,0
23,37080.73698007604,7.084979848748502,427,month-to-month,False,0
49,72846.86115904486,3.836293950700884,391,one-year,True,0
21,58083.65065526988,70.21834513988375,842,two-year,True,0
28,34441.30768510315,6.66530148132041,831,month-to-month,False,1
34,47144.91982874588,7.204344581094515,746,month-to-month,False,0
55,36865.726199228644,2.1441215094546684,689,month-to-month,True,0
41,29258.00403553496,19.005800407647698,342,two-year,True,1
22,63892.66321297462,14.197586856438885,553,month-to-month,True,0
69,78641.24960705196,2.9933823534381117,429,month-to-month,True,0
51,29021.486392712883,1.0316766828285444,359,month-to-month,False,0
23,58444.538550358564,13.691949848846885,766,one-year,False,0
39,40240.361463172594,12.753541133077716,586,month-to-month,False,1
28,42693.11924352956,3.830230184084876,816,one-year,False,0
65,41114.09113641696,36.15785287662131,766,two-year,True,0
33,37040.138454802756,1.9651713983358103,644,month-to-month,True,0
50,50727.82441917241,6.79468167004094,681,one-year,False,0
26,37535.748253834434,34.506821193595854,552,month-to-month,False,0
23,54056.85238669758,6.531085712322601,355,two-year,False,0
33,49246.42835826294,12.210780212761232,762,one-year,False,0
46,46415.77929700386,6.081891636109676,756,two-year,False,1
20,36386.545069376036,3.846020760802575,382,month-to-month,False,0
37,41348.43004147501,49.60524634958129,398,month-to-month,False,0
53,61330.86838738634,6.3180549101450785,448,month-to-month,False,0
36,57513.75781436571,26.943030082177586,628,month-to-month,False,1
43,35336.67132802174,3.1356697498066852,455,month-to-month,True,0
20,51489.98458143839,2.875920976546295,489,month-to-month,False,0
36,61270.80685057683,0.37954858914666,793,month-to-month,True,1
37,24958.920783179423,12.655150306511874,562,month-to-month,True,0
49,58150.402885699026,5.516388650066416,379,one-year,False,0
24,40060.643615812296,23.972856705921522,699,month-to-month,False,0
69,58558.98002889739,7.691437376433765,559,month-to-month,True,0
58,38551.11265186225,41.37698809440961,400,month-to-month,True,1
50,22926.768490032213,2.462546139130061,658,month-to-month,False,0
57,25586.86343175256,24.356226056758928,679,two-year,True,0
56,50721.27419992073,17.98532765609157,520,month-to-month,False,1
35,53895.83752582223,17.684304526680435,719,one-year,False,0
57,36435.25062343387,22.355191329775067,423,two-year,False,0
18,59578.88688166061,17.176705351244724,721,one-year,True,0
28,25077.1990659656,11.809065005082765,530,one-year,True,0
45,49008.80302029025,1.6883278311309897,362,one-year,False,0
42,31834.75700356315,0.3968029601998285,784,two-year,True,0
67,40222.45838296761,30.43659962177117,782,one-year,True,0
40,50710.98006974621,11.505692273169362,818,month-to-month,True,0
48,37093.799520740715,19.107270467179674,454,one-year,True,1
47,44231.66683655262,7.882300323237535,391,month-to-month,True,0
59,65094.39213821661,1.4973499700880963,825,one-year,True,0
52,41346.62195715277,1.6049249893960609,754,month-to-month,True,0
24,62535.38168097712,13.883745779336536,809,month-to-month,False,0
33,33054.397180135726,6.751868639090283,482,month-to-month,True,0
43,57947.06266872924,2.6855960986996337,685,month-to-month,True,0
65,71623.5293098685,8.117712160911971,704,month-to-month,True,0
69,12925.332498090662,0.796356609521516,545,month-to-month,True,1
66,38046.57116794285,10.466465187899407,770,month-to-month,True,0
19,58656.081907708096,3.7599935593494886,722,month-to-month,True,1
18,46954.31920935511,19.16768748038354,364,one-year,True,0
65,55567.188100569634,4.459060766162326,312,month-to-month,True,1
29,40940.22219926269,7.28848211034375,512,month-to-month,False,0
22,51298.8468120935,0.14026303261117085,541,one-year,True,1
54,47664.84146911881,0.9024626676803744,792,month-to-month,True,0
49,67516.73092489711,5.980709965028606,512,month-to-month,True,0
26,53816.31264951819,7.845706185360152,637,two-year,True,0
58,55064.039931128034,10.99610524190296,472,two-year,False,0
52,43821.84550816299,4.138016580893498,463,month-to-month,False,0
36,42685.906638912595,14.24860937267023,764,month-to-month,False,0
65,43511.627182705684,23.603850052837227,796,two-year,False,0
33,55916.78213567445,18.16140766437085,694,one-year,False,0
20,43685.232787696055,0.4851001967724379,607,month-to-month,False,0
37,54346.62285344619,7.8588220980253,482,one-year,False,0
41,81131.01197968159,1.3302426097145537,809,month-to-month,False,1
50,63066.87055147538,3.3255753934166186,845,month-to-month,False,0
41,45109.647017482384,51.806191862753195,526,month-to-month,False,1
69,68018.20883245918,1.8447468260767035,735,one-year,False,0
28,43878.86940467673,8.291111474508089,721,month-to-month,False,1
66,19428.13197233219,11.552909219535438,320,one-year,False,1
25,34878.70533623894,14.546679778292859,696,month-to-month,False,0
53,21938.121184612166,9.842189088457328,404,month-to-month,False,0
55,44727.297739380374,0.11782674461475871,491,month-to-month,False,0
57,50276.27568784328,4.742518031974321,316,one-year,True,1
37,75146.55968412924,8.750557122872198,419,month-to-month,False,0
52,54903.910606462436,1.1036270052486086,692,month-to-month,True,0
65,46713.49206786704,5.180974693004192,724,two-year,False,0
42,62441.083717752335,0.40520214846628866,428,month-to-month,False,1
52,16832.970364881723,0.9820522752970471,429,two-year,True,1
42,53534.21837162849,6.068530242427139,328,month-to-month,False,1
46,61562.9779083045,1.7086620710959366,396,one-year,True,0
35,27821.206313302377,10.059208847017448,309,month-to-month,True,0
63,67156.31064810394,14.033502757901207,541,two-year,True,0
35,55077.44611241621,19.34850862932911,531,month-to-month,False,0
19,43770.681291487985,2.679976491094166,583,month-to-month,False,0
52,59491.72799159427,2.1996136216209234,499,month-to-month,False,0
33,84060.39286706594,1.3253858074209082,378,month-to-month,True,0
58,52727.99382587743,12.141409376449566,472,month-to-month,True,0
53,53723.30879450504,14.709539274139193,766,two-year,False,1
50,43109.58650689634,0.38514896083238537,715,month-to-month,False,0
21,37252.33445802813,33.026328653386905,748,one-year,False,1
50,62455.03724816369,0.6404458281480964,386,one-year,False,0
31,37158.74261136699,9.352210657147465,400,one-year,False,0
38,51073.49355829089,14.815680048734869,307,month-to-month,True,0
65,42835.13829852325,24.57244262945713,499,month-to-month,True,0
37,57184.697386195876,15.024809674464315,804,one-year,True,0
25,55004.931579304226,19.41739047116071,386,two-year,False,0
24,65563.0991638685,4.9761929897572035,342,month-to-month,True,0
20,42349.75401717879,20.237454832175082,684,month-to-month,True,0
34,45951.87597059943,1.0020773970979517,734,month-to-month,True,0
50,35318.54426326539,27.024603825422595,707,two-year,True,1
65,43335.60109885833,9.518060194547154,782,month-to-month,True,1
29,55659.50739567279,20.398771315986224,316,month-to-month,False,0
68,61354.829249680275,7.224731663220556,447,two-year,True,0
39,36167.52013733562,12.379668020641065,576,month-to-month,False,1
39,63044.088801584905,8.968773767505235,531,month-to-month,False,1
63,70334.56788207426,15.782854019843048,665,one-year,False,0
47,56201.523548355515,1.0218587986674739,527,two-year,False,1
55,78151.937188371,0.7470003758281809,735,month-to-month,False,0
55,38393.1620134464,3.4059258904789966,698,month-to-month,True,1
62,31330.179450328746,2.0857378381818004,510,month-to-month,True,1
68,23319.19626643582,24.648426684028777,690,month-to-month,False,0
25,72440.66467233775,2.9694498981666473,798,one-year,False,0
44,59815.484845310864,44.68923371320912,839,month-to-month,False,1
44,49166.229936343174,4.929877491977152,790,month-to-month,True,0
51,54199.529394797304,2.4124452477462346,741,month-to-month,False,0
38,33117.66429052435,18.71055717113217,560,month-to-month,True,1
47,86686.27969425239,12.900194464098224,649,month-to-month,False,0
50,51938.31772962841,8.274541304681206,651,two-year,True,0
45,51640.92191907339,9.725979589387448,819,month-to-month,False,0
64,60886.49935848038,15.241427276747595,619,one-year,True,0
50,57215.1384760507,3.1123193482404807,437,one-year,False,0
22,53358.26036418697,67.30357478457245,849,month-to-month,True,0
65,38142.88316832032,44.16767973468114,667,month-to-month,True,0
36,57072.025357039936,12.609037081590682,519,month-to-month,True,0
21,78230.3674471255,2.67086134162672,636,month-to-month,True,0
52,70181.30069232467,13.681773543304423,522,month-to-month,True,0
66,73897.79939959096,0.8992484620115195,659,month-to-month,True,0
34,42331.76485353222,0.37358539828343373,628,month-to-month,True,0
61,35155.92769612129,3.5757450376667586,762,one-year,False,0
45,48113.19619850528,7.452663622481268,681,month-to-month,False,0
47,50835.87368433042,24.324239102290086,468,one-year,False,0
46,66412.87277706423,15.586835745814668,516,month-to-month,False,1
63,24613.03055427771,16.290454856991865,677,two-year,False,0
23,72943.2547919092,6.650922952888966,418,month-to-month,True,0
52,47629.88152131516,5.094582392273791,489,month-to-month,True,0
58,43596.7839507887,5.5642278065675645,669,one-year,True,0
54,34818.434371097486,52.72876669819805,448,month-to-month,True,0
41,25177.14992201346,0.4912289045271441,787,month-to-month,True,0
46,62347.55875942872,24.211715901068864,673,two-year,False,0
66,51099.76950782606,10.37222089623195,459,month-to-month,False,0
63,30650.58650388419,6.9281889724159145,650,month-to-month,False,0
48,30573.818419045758,15.503058809866445,587,one-year,False,0
52,44963.229510648074,8.002011643190569,587,two-year,True,0
50,75035.32287934089,24.8028760952132,525,one-year,True,0
69,46106.12972954593,27.715541755444494,822,month-to-month,True,0
38,27452.855703228408,6.572384416248298,821,one-year,False,0
49,46313.85403871084,3.889294885021703,572,month-to-month,True,0
40,45909.146453784946,10.768165463290911,701,one-year,False,0
50,9546.700355876426,29.214671274283187,482,two-year,True,0
20,49185.577002232814,2.8387307874002947,787,one-year,True,0
35,46535.98204686983,11.705057492394907,423,two-year,False,0
42,60443.095472201276,11.981736002706521,713,month-to-month,True,0
59,77734.34142418018,15.851160181522266,471,one-year,True,0
48,66898.47544321636,1.692787556431925,587,one-year,False,1
20,45966.669641677545,15.097978909525319,734,month-to-month,True,0
57,33402.11136887495,28.76703847547094,412,two-year,False,1
63,88600.3970487479,2.3767747293617347,421,month-to-month,True,0
41,50888.27651021732,3.2545151002459436,843,one-year,True,0
67,50208.939378694195,42.65012446633814,521,one-year,True,0
49,49638.12369334995,2.395716657061895,338,one-year,True,0
64,52971.271411517824,23.121477213079896,796,month-to-month,True,0
39,47834.593821140865,8.133851310642589,532,month-to-month,True,1
40,41395.069896796456,3.4079636399324453,829,month-to-month,True,0
19,41797.115881394115,24.552072020938187,448,two-year,True,1
44,49508.70094676002,7.072047906719469,696,month-to-month,False,0
59,41848.62843299352,8.678758429213417,601,month-to-month,False,0
19,39307.313259842536,5.341079510133694,659,one-year,True,0
43,51596.453415378455,10.785856112220943,537,month-to-month,True,0
34,46175.34173868717,2.1426875714115763,535,one-year,False,0
57,72559.89482874033,5.9528508763616825,502,one-year,True,0
50,10235.45287410482,41.84589650185373,555,two-year,True,0
26,66372.60277883692,3.583030565088074,534,month-to-month,False,0
60,68691.27788746444,12.831088614205232,644,month-to-month,True,0
65,18899.146513877757,4.719890452667125,833,month-to-month,True,1
56,44859.68608879477,17.818700288485978,765,month-to-month,False,0
46,44428.38701006313,1.683201355321641,840,month-to-month,True,1
59,28887.32457923268,42.0073254530928,512,month-to-month,True,1
43,38332.74968613687,7.257011065976854,762,one-year,False,1
52,33341.36231801257,3.231042521972643,735,one-year,True,0
67,76284.05665135435,0.9160526706712449,582,month-to-month,False,0
42,64035.17589721191,2.232455281255127,762,one-year,True,1
41,69073.32642491237,8.801980145154978,706,two-year,True,0
30,60825.08096064853,4.931820957662,387,one-year,False,0
24,33064.22343174156,21.18491860946589,343,one-year,False,0
53,42132.196005803395,6.764126288227109,760,month-to-month,True,0
62,57340.61841841877,3.431630843710212,577,month-to-month,False,0
37,31668.082866620818,11.521186998881614,720,month-to-month,False,0
18,60694.97645258582,14.721871283512138,652,month-to-month,True,1
25,46395.119027627974,2.1932633722301618,814,two-year,True,0
63,44377.68788675604,2.2015832415691285,318,one-year,True,1
33,60664.39952305237,0.44832873611379287,322,month-to-month,False,0
31,56663.9496722906,15.999961449478008,712,month-to-month,False,0
29,44585.507512713804,13.080750301765189,329,one-year,False,0
68,67389.94705046373,7.723850035623514,407,month-to-month,False,0
40,33784.05008600154,22.3079098881138,666,month-to-month,True,1
32,59239.034104163955,19.658379854032216,580,two-year,False,0
45,58896.51886952575,10.563972163631059,427,month-to-month,True,0
51,45356.803410290144,24.324127518348032,528,month-to-month,False,0
19,54891.99533363177,2.7656622044468824,410,month-to-month,True,0
49,31233.296354220456,1.4243162566834149,435,two-year,True,0
40,63860.40528810352,3.772413668737295,661,month-to-month,True,0
39,47226.46795335517,0.7053732807595525,485,month-to-month,False,0
68,42159.154692214404,9.090168514007326,428,month-to-month,True,1
42,65735.13838755334,33.100574464823595,560,month-to-month,True,0
39,39434.84464185861,0.4816609969125868,814,month-to-month,False,0
39,28873.080554546606,1.562806559797401,748,one-year,True,0
66,26650.562397141442,7.222118979623171,403,month-to-month,False,1
69,59090.14927018459,32.594503846511934,782,two-year,False,0
59,30793.559712555754,4.560307332681444,523,month-to-month,True,0
23,76321.91272976546,8.492670045256142,790,month-to-month,True,0
32,18771.058881744168,0.5095407960126204,772,month-to-month,False,1
60,75446.84552435057,1.9268598160370272,309,month-to-month,True,0
54,53165.26200803927,51.777013014400545,704,month-to-month,False,1
50,48549.30332194411,40.26965169383891,601,month-to-month,False,0
25,41826.21369786575,0.05942667568593139,530,month-to-month,False,0
61,55987.04171528106,36.39168958414578,365,one-year,True,1
61,49435.47946362727,12.230515362822011,411,month-to-month,False,0
22,66549.52823024782,24.29201480371813,312,one-year,True,1
56,51713.41472993059,7.277907229104114,692,two-year,True,1
21,52254.52642192817,8.698032824373254,799,month-to-month,True,1
23,44545.81681679216,8.05302599410632,533,month-to-month,True,0
62,49145.81564418399,13.190462844787,613,month-to-month,False,1
49,54617.026533380886,1.8050094505134862,311,month-to-month,True,0
69,24347.474110150615,0.36518377103965527,508,month-to-month,False,1
47,29777.218668414305,4.416817056165371,313,one-year,False,0
64,61148.96141034072,14.636380170490073,717,month-to-month,True,1
52,52562.981571919125,2.7055566532393245,736,month-to-month,False,0
57,47240.24995470981,13.429420911983748,676,one-year,False,0
69,50276.5089959809,42.043564682750514,319,month-to-month,True,0
33,55213.72558042507,1.1832767246614435,369,one-year,False,1
30,41903.60479535958,13.398949006854433,510,month-to-month,False,0
67,38325.42911896531,7.038454077086083,400,month-to-month,False,0
59,52937.67882646522,24.3123794663222,431,month-to-month,False,1
47,35324.40833577452,2.3397731887037256,680,month-to-month,True,0
36,56123.79133571708,14.156278516564246,431,two-year,False,0
34,24461.245936432395,21.850450339171747,319,month-to-month,False,0
36,65437.33455988466,34.72118864856328,835,two-year,False,0
45,57088.96223619564,13.795634819815465,526,month-to-month,False,0
43,53840.44601470813,8.250151351338475,453,month-to-month,True,0
54,64740.36475918271,11.543218266611298,768,month-to-month,False,0
43,74982.11666693864,24.381994912414935,704,month-to-month,True,0
40,65215.55097527196,10.14466910482807,501,two-year,False,0
26,22386.88653002532,0.37029981280686236,337,month-to-month,True,0
29,30806.345498964478,32.074866087590074,487,month-to-month,True,0
18,40627.72133456482,14.035890432133804,356,month-to-month,True,1
18,50391.36575316251,13.543170526553869,319,month-to-month,True,0
64,57764.88530703685,2.915183976216287,572,month-to-month,True,0
51,39113.84280269802,12.906443924017065,418,month-to-month,False,1
49,52801.50146715617,6.0078187787503055,815,one-year,False,1
65,38669.256014700164,12.640213628246837,520,month-to-month,False,0
42,40827.23295512078,1.3525568253923526,825,month-to-month,True,0
57,28900.083547276667,12.869907821590278,814,month-to-month,False,1
62,36151.50130833643,89.30067491645286,635,month-to-month,True,0
18,29724.730915754997,0.5929559867316083,354,two-year,True,1
